condReagent,Reagent_CAS,Origin,Mass_g,Cost,Lead_Time_Days,Hazard_Score,Substitutability
Platinum on Carbon,7440-06-4,South Africa,10,1500,45,4,9
Formamide,775-12-2,Germany,500,25,10,6,3
Copper(II) Chloride,7447-39-4,China,100,45,21,5,4
Copper(I) Iodide,7681-65-4,China,250,85,21,5,4
Allyl Glycidyl Ether,106-92-3,USA,1000,120,7,8,6
Palladium on Carbon,7440-05-3,,5,800,60,4,9
Sodium Azide,26628-22-8,,100,150,30,10,7
THF,109-99-9,,5000,100,5,8,2
DCM,75-09-2,,10000,80,5,7,2
Acetic Acid,64-19-7,,2000,30,3,3,1
