Country,Stability_Score,Score_Lower_90,Score_Upper_90,Year,ISO3,WGI_Country_Name,Indicator
Afghanistan,29.81,22.46,37.17,2025,AFG,Afghanistan,GOV_WGI_PV.SC
Albania,67.18,60.01,74.36,2025,ALB,Albania,GOV_WGI_PV.SC
Algeria,54.0,47.08,60.91,2025,DZA,Algeria,GOV_WGI_PV.SC
American Samoa,90.14,80.23,100.0,2025,ASM,American Samoa,GOV_WGI_PV.SC
Andorra,93.0,83.98,100.0,2025,AND,Andorra,GOV_WGI_PV.SC
Angola,57.94,51.43,64.44,2025,AGO,Angola,GOV_WGI_PV.SC
Anguilla,83.11,76.39,89.83,2025,,Anguilla,GOV_WGI_PV.SC
Antigua and Barbuda,86.78,78.12,95.45,2025,ATG,Antigua and Barbuda,GOV_WGI_PV.SC
Argentina,68.45,61.85,75.05,2025,ARG,Argentina,GOV_WGI_PV.SC
Armenia,58.04,50.72,65.37,2025,ARM,Armenia,GOV_WGI_PV.SC
Aruba,87.78,79.12,96.43,2025,ABW,Aruba,GOV_WGI_PV.SC
Australia,79.29,72.56,86.01,2025,AUS,Australia,GOV_WGI_PV.SC
Austria,74.92,67.78,82.05,2025,AUT,Austria,GOV_WGI_PV.SC
Azerbaijan,63.97,56.64,71.29,2025,AZE,Azerbaijan,GOV_WGI_PV.SC
Bahamas,83.48,75.85,91.1,2025,BHS,"Bahamas, The",GOV_WGI_PV.SC
Bahrain,59.77,52.64,66.9,2025,BHR,Bahrain,GOV_WGI_PV.SC
Bangladesh,49.11,42.36,55.87,2025,BGD,Bangladesh,GOV_WGI_PV.SC
Barbados,88.05,80.52,95.57,2025,BRB,Barbados,GOV_WGI_PV.SC
Belarus,62.57,55.35,69.78,2025,BLR,Belarus,GOV_WGI_PV.SC
Belgium,68.64,61.5,75.77,2025,BEL,Belgium,GOV_WGI_PV.SC
Belize,79.79,72.01,87.58,2025,BLZ,Belize,GOV_WGI_PV.SC
Benin,58.62,51.59,65.66,2025,BEN,Benin,GOV_WGI_PV.SC
Bermuda,84.54,74.63,94.46,2025,BMU,Bermuda,GOV_WGI_PV.SC
Bhutan,90.02,82.5,97.54,2025,BTN,Bhutan,GOV_WGI_PV.SC
Bolivia,62.74,55.57,69.92,2025,BOL,Bolivia,GOV_WGI_PV.SC
Bosnia and Herzegovina,59.65,52.29,67.0,2025,BIH,Bosnia and Herzegovina,GOV_WGI_PV.SC
Botswana,84.51,77.79,91.23,2025,BWA,Botswana,GOV_WGI_PV.SC
Brazil,58.87,52.27,65.47,2025,BRA,Brazil,GOV_WGI_PV.SC
Brunei,91.88,84.12,99.63,2025,BRN,Brunei Darussalam,GOV_WGI_PV.SC
Bulgaria,69.9,62.91,76.89,2025,BGR,Bulgaria,GOV_WGI_PV.SC
Burkina Faso,34.09,27.59,40.6,2025,BFA,Burkina Faso,GOV_WGI_PV.SC
Burundi,43.99,36.81,51.17,2025,BDI,Burundi,GOV_WGI_PV.SC
Cabo Verde,80.66,73.32,87.99,2025,CPV,Cabo Verde,GOV_WGI_PV.SC
Cambodia,71.47,64.12,78.83,2025,KHM,Cambodia,GOV_WGI_PV.SC
Cameroon,35.96,29.08,42.84,2025,CMR,Cameroon,GOV_WGI_PV.SC
Canada,79.8,72.66,86.93,2025,CAN,Canada,GOV_WGI_PV.SC
Cayman Islands,91.71,83.05,100.0,2025,CYM,Cayman Islands,GOV_WGI_PV.SC
Central African Republic,35.92,28.74,43.1,2025,CAF,Central African Republic,GOV_WGI_PV.SC
Chad,38.03,30.85,45.21,2025,TCD,Chad,GOV_WGI_PV.SC
Chile,68.6,61.6,75.59,2025,CHL,Chile,GOV_WGI_PV.SC
China,66.0,59.23,72.78,2025,CHN,China,GOV_WGI_PV.SC
Colombia,48.91,41.92,55.9,2025,COL,Colombia,GOV_WGI_PV.SC
Comoros,61.57,53.51,69.63,2025,COM,Comoros,GOV_WGI_PV.SC
Costa Rica,87.04,79.86,94.21,2025,CRI,Costa Rica,GOV_WGI_PV.SC
Croatia,77.59,70.6,84.59,2025,HRV,Croatia,GOV_WGI_PV.SC
Cuba,71.03,63.66,78.4,2025,CUB,Cuba,GOV_WGI_PV.SC
Cyprus,73.33,66.19,80.47,2025,CYP,Cyprus,GOV_WGI_PV.SC
Czech Republic,83.49,76.5,90.48,2025,CZE,Czechia,GOV_WGI_PV.SC
Côte d'Ivoire,53.07,46.19,59.95,2025,CIV,Cote d'Ivoire,GOV_WGI_PV.SC
Democratic Republic of the Congo,28.25,21.75,34.76,2025,COD,"Congo, Dem. Rep.",GOV_WGI_PV.SC
Denmark,79.47,72.33,86.61,2025,DNK,Denmark,GOV_WGI_PV.SC
Djibouti,57.07,49.89,64.25,2025,DJI,Djibouti,GOV_WGI_PV.SC
Dominica,82.83,74.09,91.57,2025,DMA,Dominica,GOV_WGI_PV.SC
Dominican Republic,76.25,69.07,83.42,2025,DOM,Dominican Republic,GOV_WGI_PV.SC
Ecuador,54.36,47.19,61.54,2025,ECU,Ecuador,GOV_WGI_PV.SC
Egypt,50.05,43.17,56.92,2025,EGY,"Egypt, Arab Rep.",GOV_WGI_PV.SC
El Salvador,67.56,60.38,74.73,2025,SLV,El Salvador,GOV_WGI_PV.SC
Equatorial Guinea,62.94,55.76,70.12,2025,GNQ,Equatorial Guinea,GOV_WGI_PV.SC
Eritrea,55.1,47.64,62.55,2025,ERI,Eritrea,GOV_WGI_PV.SC
Estonia,81.16,74.17,88.15,2025,EST,Estonia,GOV_WGI_PV.SC
Eswatini,55.61,48.85,62.37,2025,SWZ,Eswatini,GOV_WGI_PV.SC
Ethiopia,33.12,26.24,40.0,2025,ETH,Ethiopia,GOV_WGI_PV.SC
Fiji,82.82,74.96,90.68,2025,FJI,Fiji,GOV_WGI_PV.SC
Finland,82.34,75.2,89.48,2025,FIN,Finland,GOV_WGI_PV.SC
France,63.99,56.85,71.13,2025,FRA,France,GOV_WGI_PV.SC
French Polynesia,75.7,64.03,87.38,2025,PYF,French Polynesia,GOV_WGI_PV.SC
Gabon,67.65,60.77,74.53,2025,GAB,Gabon,GOV_WGI_PV.SC
Gambia,66.23,59.35,73.11,2025,GMB,"Gambia, The",GOV_WGI_PV.SC
Georgia,56.93,49.57,64.29,2025,GEO,Georgia,GOV_WGI_PV.SC
Germany,69.26,62.12,76.4,2025,DEU,Germany,GOV_WGI_PV.SC
Ghana,67.15,60.43,73.86,2025,GHA,Ghana,GOV_WGI_PV.SC
Greece,70.46,63.32,77.59,2025,GRC,Greece,GOV_WGI_PV.SC
Greenland,79.45,68.28,90.62,2025,GRL,Greenland,GOV_WGI_PV.SC
Grenada,87.31,78.64,95.97,2025,GRD,Grenada,GOV_WGI_PV.SC
Guam,86.48,76.56,96.4,2025,GUM,Guam,GOV_WGI_PV.SC
Guatemala,61.88,54.7,69.05,2025,GTM,Guatemala,GOV_WGI_PV.SC
Guinea,52.78,45.91,59.66,2025,GIN,Guinea,GOV_WGI_PV.SC
Guinea-Bissau,56.31,48.68,63.94,2025,GNB,Guinea-Bissau,GOV_WGI_PV.SC
Guyana,69.18,61.81,76.56,2025,GUY,Guyana,GOV_WGI_PV.SC
Haiti,41.43,34.21,48.65,2025,HTI,Haiti,GOV_WGI_PV.SC
Honduras,57.96,50.74,65.17,2025,HND,Honduras,GOV_WGI_PV.SC
Hong Kong,79.19,71.35,87.02,2025,HKG,"Hong Kong SAR, China",GOV_WGI_PV.SC
Hungary,74.53,67.54,81.53,2025,HUN,Hungary,GOV_WGI_PV.SC
Iceland,88.76,81.47,96.05,2025,ISL,Iceland,GOV_WGI_PV.SC
India,54.96,48.35,61.56,2025,IND,India,GOV_WGI_PV.SC
Indonesia,52.66,46.06,59.26,2025,IDN,Indonesia,GOV_WGI_PV.SC
Iran,35.98,28.77,43.2,2025,IRN,"Iran, Islamic Rep.",GOV_WGI_PV.SC
Iraq,32.91,25.58,40.23,2025,IRQ,Iraq,GOV_WGI_PV.SC
Ireland,78.71,71.58,85.85,2025,IRL,Ireland,GOV_WGI_PV.SC
Israel,49.6,42.31,56.89,2025,ISR,Israel,GOV_WGI_PV.SC
Italy,73.61,66.47,80.75,2025,ITA,Italy,GOV_WGI_PV.SC
Jamaica,75.13,67.95,82.3,2025,JAM,Jamaica,GOV_WGI_PV.SC
Japan,87.66,80.52,94.8,2025,JPN,Japan,GOV_WGI_PV.SC
Jordan,60.06,53.46,66.66,2025,JOR,Jordan,GOV_WGI_PV.SC
Kazakhstan,62.02,55.42,68.62,2025,KAZ,Kazakhstan,GOV_WGI_PV.SC
Kenya,46.0,39.63,52.37,2025,KEN,Kenya,GOV_WGI_PV.SC
Kiribati,87.48,79.32,95.64,2025,KIR,Kiribati,GOV_WGI_PV.SC
Kosovo,62.46,55.1,69.81,2025,XKX,Kosovo,GOV_WGI_PV.SC
Kuwait,73.01,66.02,80.01,2025,KWT,Kuwait,GOV_WGI_PV.SC
Kyrgyzstan,65.33,58.42,72.23,2025,KGZ,Kyrgyz Republic,GOV_WGI_PV.SC
Laos,75.27,67.75,82.8,2025,LAO,Lao PDR,GOV_WGI_PV.SC
Latvia,79.78,72.79,86.78,2025,LVA,Latvia,GOV_WGI_PV.SC
Lebanon,43.4,36.18,50.61,2025,LBN,Lebanon,GOV_WGI_PV.SC
Lesotho,65.42,58.24,72.6,2025,LSO,Lesotho,GOV_WGI_PV.SC
Liberia,63.21,56.71,69.72,2025,LBR,Liberia,GOV_WGI_PV.SC
Libya,33.43,26.37,40.48,2025,LBY,Libya,GOV_WGI_PV.SC
Liechtenstein,92.35,84.31,100.0,2025,LIE,Liechtenstein,GOV_WGI_PV.SC
Lithuania,81.95,74.96,88.95,2025,LTU,Lithuania,GOV_WGI_PV.SC
Luxembourg,86.51,79.37,93.65,2025,LUX,Luxembourg,GOV_WGI_PV.SC
Macau,84.27,74.09,94.45,2025,MAC,"Macao SAR, China",GOV_WGI_PV.SC
Madagascar,56.42,49.54,63.3,2025,MDG,Madagascar,GOV_WGI_PV.SC
Malawi,62.74,55.86,69.62,2025,MWI,Malawi,GOV_WGI_PV.SC
Malaysia,71.56,64.96,78.16,2025,MYS,Malaysia,GOV_WGI_PV.SC
Maldives,66.97,59.11,74.84,2025,MDV,Maldives,GOV_WGI_PV.SC
Mali,21.82,14.74,28.9,2025,MLI,Mali,GOV_WGI_PV.SC
Malta,83.76,76.43,91.09,2025,MLT,Malta,GOV_WGI_PV.SC
Marshall Islands,92.2,83.18,100.0,2025,MHL,Marshall Islands,GOV_WGI_PV.SC
Mauritania,54.14,47.1,61.18,2025,MRT,Mauritania,GOV_WGI_PV.SC
Mauritius,81.93,74.9,88.97,2025,MUS,Mauritius,GOV_WGI_PV.SC
Mexico,54.95,48.35,61.55,2025,MEX,Mexico,GOV_WGI_PV.SC
Micronesia,92.2,83.18,100.0,2025,FSM,"Micronesia, Fed. Sts.",GOV_WGI_PV.SC
Moldova,63.64,56.47,70.82,2025,MDA,Moldova,GOV_WGI_PV.SC
Monaco,87.57,78.55,96.59,2025,MCO,Monaco,GOV_WGI_PV.SC
Mongolia,75.54,68.54,82.53,2025,MNG,Mongolia,GOV_WGI_PV.SC
Montenegro,73.46,66.11,80.82,2025,MNE,Montenegro,GOV_WGI_PV.SC
Morocco,56.1,49.22,62.98,2025,MAR,Morocco,GOV_WGI_PV.SC
Mozambique,36.59,30.09,43.1,2025,MOZ,Mozambique,GOV_WGI_PV.SC
Myanmar,28.53,21.31,35.75,2025,MMR,Myanmar,GOV_WGI_PV.SC
Namibia,78.59,71.87,85.31,2025,NAM,Namibia,GOV_WGI_PV.SC
Nauru,86.95,77.93,95.96,2025,NRU,Naoero,GOV_WGI_PV.SC
Nepal,57.84,50.94,64.75,2025,NPL,Nepal,GOV_WGI_PV.SC
Netherlands,74.97,67.84,82.11,2025,NLD,Netherlands,GOV_WGI_PV.SC
New Caledonia,70.73,54.17,87.3,2025,NCL,New Caledonia,GOV_WGI_PV.SC
New Zealand,86.31,79.59,93.04,2025,NZL,New Zealand,GOV_WGI_PV.SC
Nicaragua,65.43,58.21,72.65,2025,NIC,Nicaragua,GOV_WGI_PV.SC
Niger,34.63,27.76,41.51,2025,NER,Niger,GOV_WGI_PV.SC
Nigeria,35.14,28.77,41.51,2025,NGA,Nigeria,GOV_WGI_PV.SC
North Korea,67.07,60.16,73.99,2025,PRK,"Korea, Dem. People's Rep.",GOV_WGI_PV.SC
North Macedonia,72.18,64.83,79.54,2025,MKD,North Macedonia,GOV_WGI_PV.SC
Norway,84.52,77.38,91.66,2025,NOR,Norway,GOV_WGI_PV.SC
Oman,76.04,68.9,83.17,2025,OMN,Oman,GOV_WGI_PV.SC
Pakistan,31.43,24.25,38.6,2025,PAK,Pakistan,GOV_WGI_PV.SC
Palau,88.37,79.35,97.39,2025,PLW,Palau,GOV_WGI_PV.SC
Panama,69.87,62.7,77.05,2025,PAN,Panama,GOV_WGI_PV.SC
Papua New Guinea,56.04,49.16,62.92,2025,PNG,Papua New Guinea,GOV_WGI_PV.SC
Paraguay,68.04,60.86,75.21,2025,PRY,Paraguay,GOV_WGI_PV.SC
Peru,56.91,49.91,63.9,2025,PER,Peru,GOV_WGI_PV.SC
Philippines,50.97,44.37,57.58,2025,PHL,Philippines,GOV_WGI_PV.SC
Poland,77.76,70.77,84.76,2025,POL,Poland,GOV_WGI_PV.SC
Portugal,77.91,70.77,85.05,2025,PRT,Portugal,GOV_WGI_PV.SC
Puerto Rico,72.01,64.22,79.79,2025,PRI,Puerto Rico (US),GOV_WGI_PV.SC
Qatar,83.86,76.86,90.85,2025,QAT,Qatar,GOV_WGI_PV.SC
Republic of the Congo,57.05,50.54,63.55,2025,COG,"Congo, Rep.",GOV_WGI_PV.SC
Romania,69.23,62.24,76.22,2025,ROU,Romania,GOV_WGI_PV.SC
Russia,49.05,41.83,56.27,2025,RUS,Russian Federation,GOV_WGI_PV.SC
Rwanda,67.75,60.71,74.78,2025,RWA,Rwanda,GOV_WGI_PV.SC
Saint Kitts and Nevis,85.34,76.6,94.08,2025,KNA,St. Kitts and Nevis,GOV_WGI_PV.SC
Saint Lucia,85.44,76.77,94.1,2025,LCA,St. Lucia,GOV_WGI_PV.SC
Saint Vincent and the Grenadines,87.04,78.38,95.71,2025,VCT,St. Vincent and the Grenadines,GOV_WGI_PV.SC
Samoa,89.0,80.84,97.16,2025,WSM,Samoa,GOV_WGI_PV.SC
San Marino,90.6,81.58,99.62,2025,SMR,San Marino,GOV_WGI_PV.SC
Saudi Arabia,65.91,59.0,72.81,2025,SAU,Saudi Arabia,GOV_WGI_PV.SC
Senegal,62.69,55.81,69.57,2025,SEN,Senegal,GOV_WGI_PV.SC
Serbia,59.94,52.77,67.12,2025,SRB,Serbia,GOV_WGI_PV.SC
Seychelles,86.14,78.8,93.48,2025,SYC,Seychelles,GOV_WGI_PV.SC
Sierra Leone,58.79,51.91,65.66,2025,SLE,Sierra Leone,GOV_WGI_PV.SC
Singapore,88.99,82.39,95.59,2025,SGP,Singapore,GOV_WGI_PV.SC
Slovakia,77.29,70.29,84.28,2025,SVK,Slovak Republic,GOV_WGI_PV.SC
Slovenia,80.98,73.98,87.97,2025,SVN,Slovenia,GOV_WGI_PV.SC
Solomon Islands,78.7,70.84,86.57,2025,SLB,Solomon Islands,GOV_WGI_PV.SC
Somalia,27.62,20.4,34.84,2025,SOM,"Somalia, Fed. Rep.",GOV_WGI_PV.SC
South Africa,58.92,52.17,65.67,2025,ZAF,South Africa,GOV_WGI_PV.SC
South Korea,81.68,75.08,88.28,2025,KOR,"Korea, Rep.",GOV_WGI_PV.SC
South Sudan,39.06,30.91,47.21,2025,SSD,South Sudan,GOV_WGI_PV.SC
Spain,68.73,61.59,75.87,2025,ESP,Spain,GOV_WGI_PV.SC
Sri Lanka,64.86,58.1,71.61,2025,LKA,Sri Lanka,GOV_WGI_PV.SC
Sudan,29.35,22.23,36.46,2025,SDN,Sudan,GOV_WGI_PV.SC
Suriname,76.14,68.81,83.48,2025,SUR,Suriname,GOV_WGI_PV.SC
Sweden,80.55,73.41,87.68,2025,SWE,Sweden,GOV_WGI_PV.SC
Switzerland,85.22,77.93,92.51,2025,CHE,Switzerland,GOV_WGI_PV.SC
Syria,24.96,17.59,32.34,2025,SYR,Syrian Arab Republic,GOV_WGI_PV.SC
São Tomé and Príncipe,75.17,67.83,82.51,2025,STP,Sao Tome and Principe,GOV_WGI_PV.SC
Tajikistan,60.44,52.92,67.96,2025,TJK,Tajikistan,GOV_WGI_PV.SC
Tanzania,57.26,50.39,64.14,2025,TZA,Tanzania,GOV_WGI_PV.SC
Thailand,55.8,49.2,62.4,2025,THA,Thailand,GOV_WGI_PV.SC
Timor-Leste,76.93,69.4,84.45,2025,TLS,Timor-Leste,GOV_WGI_PV.SC
Togo,50.71,43.83,57.59,2025,TGO,Togo,GOV_WGI_PV.SC
Tonga,88.64,80.48,96.8,2025,TON,Tonga,GOV_WGI_PV.SC
Trinidad and Tobago,73.8,66.63,80.98,2025,TTO,Trinidad and Tobago,GOV_WGI_PV.SC
Tunisia,53.38,46.5,60.26,2025,TUN,Tunisia,GOV_WGI_PV.SC
Turkey,50.17,43.17,57.16,2025,TUR,Turkiye,GOV_WGI_PV.SC
Turkmenistan,69.74,62.22,77.26,2025,TKM,Turkmenistan,GOV_WGI_PV.SC
Tuvalu,90.53,82.31,98.75,2025,TUV,Tuvalu,GOV_WGI_PV.SC
U.S. Virgin Islands,82.6,72.69,92.52,2025,VIR,Virgin Islands (U.S.),GOV_WGI_PV.SC
USA,60.31,53.59,67.04,2025,USA,United States,GOV_WGI_PV.SC
Uganda,50.42,43.54,57.3,2025,UGA,Uganda,GOV_WGI_PV.SC
Ukraine,59.76,52.54,66.98,2025,UKR,Ukraine,GOV_WGI_PV.SC
United Arab Emirates,80.07,73.04,87.11,2025,ARE,United Arab Emirates,GOV_WGI_PV.SC
United Kingdom,70.68,63.96,77.41,2025,GBR,United Kingdom,GOV_WGI_PV.SC
Uruguay,88.39,81.22,95.57,2025,URY,Uruguay,GOV_WGI_PV.SC
Uzbekistan,67.4,60.65,74.16,2025,UZB,Uzbekistan,GOV_WGI_PV.SC
Vanuatu,82.3,74.43,90.16,2025,VUT,Vanuatu,GOV_WGI_PV.SC
Venezuela,39.18,32.54,45.81,2025,VEN,"Venezuela, RB",GOV_WGI_PV.SC
Vietnam,67.66,61.06,74.26,2025,VNM,Viet Nam,GOV_WGI_PV.SC
West Bank and Gaza,32.13,24.15,40.11,2025,PSE,West Bank and Gaza,GOV_WGI_PV.SC
Yemen,21.69,14.07,29.31,2025,YEM,"Yemen, Rep.",GOV_WGI_PV.SC
Zambia,64.56,57.68,71.44,2025,ZMB,Zambia,GOV_WGI_PV.SC
Zimbabwe,50.33,43.83,56.84,2025,ZWE,Zimbabwe,GOV_WGI_PV.SC
